name,domain
ADCardCollectibles,adcardcollectibles.com
AJogar,ajogar.com
AnixWays,anixways.com
Arkay,arkay.pt
Biridama,biridama.pt
Brokards,brokards.com
Byulverse,byulverse.eu
CardFever,cardfever.pt
CentroXogo,centroxogo.pt
Charbinder,charbinder.com
Colecionar,colecionar.pt
Conbini,conbini.pt
Continente,continente.pt
Diver,diver.pt
DrawPhase,drawphase.pt
Drawstep,drawstep.com
El Corte Inglés,elcorteingles.pt
Games Island,games-island.eu
Gatorcards,gatorcards.pt
Geekhaven,geekhaven.pt
GgLounge,gglounge.pt
GM Cards & Toys,gmcardsandtoys.com
God of Cards,godofcards.com
IberianCard,iberiancard.com
Kaissa,kaissa.gr
LojaDosPops,lojadospops.pt
LootLab,lootlab.pt
LostForgeStore,lostforgestore.pt
LotusValley,lotusvalley.pt
ManaTCG,manatcg.com
ManaVault,manavault.pt
MasterPacks,masterpacks.pt
MercadiaGames,mercadiagames.pt
Miniversos,miniversos.pt
MyPopMania,mypopmania.pt
MysticMirage,mysticmirage.shop
OhliCards,ohlicards.pt
OPortoGG,oportogg.com
Packpoint,packpoint.pt
PandaCollecting,pandacollecting.com
Papelinho,papelinho.pt
PlayerSpot,playerspot.pt
PokeboxStore,pokeboxstore.pt
Pokelotas,pokelotas.com
PressStart,pressstart.pt
Psydeck,psydeck.com
PTMerch,ptmerch.com
RorizLair,rorizlair.com
Rota151,rota151.pt
SenhorGato,lojasenhorgato.pt
Shop4Nerds,shop4nerds.pt
Stickerpoint,stickerpoint.pt
TCGFamily,tcg-family.com
TCGHaven,tcghaven.pt
TemplarsArena,templarsarena.com
The Kanto Market,thekantomarket.com
Totobayshop,totobayshop.com
ToysRUsPT,toysrus.pt
TriplaceGames,triplacegames.com
UntradableStore,untradablestore.com
VenturaCardGames,venturacardgames.com
VersusGameCenter,versusgamecenter.pt
WeatherlightGames,weatherlightgames.pt
ZukaCards,zukacards.com
